	City	Cloudiness	Country	Date	Humidity	Temp	Lat	Lng	Wind Speed
0	saldanha	89	PT	1569312872	78	58.9	41.42	-6.55	4.16
1	mataura	38	NZ	1569312872	87	43.0	-46.19	168.86	15.01
2	barrow	0	AR	1569312873	67	48.1	-38.31	-60.23	5.1
3	luderitz	0	NA	1569312873	36	67.54	-26.65	15.16	12.41
4	vaini	75	IN	1569312873	78	78.8	15.34	74.49	4.7
5	sitka	0	US	1569312873	93	69.01	37.17	-99.65	11.01
6	port alfred	41	ZA	1569312874	70	64.99	-33.59	26.89	7.0
7	along	100	IN	1569312874	88	60.88	28.17	94.8	4.88
8	hobart	75	AU	1569312807	46	53.6	-42.88	147.33	11.41
9	tombouctou	0	ML	1569312875	8	98.14	16.77	-3.01	2.68
10	rikitea	100	PF	1569312875	72	69.7	-23.12	-134.97	12.33
11	port elizabeth	1	US	1569312875	83	73.99	39.31	-74.98	5.82
12	maraa	100	BR	1569312877	94	71.86	-1.83	-65.37	1.83
13	tarare	100	FR	1569312877	87	57.2	45.89	4.44	6.93
14	qaanaaq	100	GL	1569312877	94	22.36	77.48	-69.36	4.72
15	hermanus	41	ZA	1569312878	87	72.0	-34.42	19.24	5.99
16	stanger	40	ZA	1569312878	52	68.0	-29.34	31.29	9.17
17	albany	75	US	1569312660	88	63.0	42.65	-73.75	5.82
18	adrar	0	DZ	1569312878	15	82.4	27.87	-0.29	11.41
19	punta arenas	75	CL	1569312879	76	48.2	-53.16	-70.91	28.86
20	upernavik	100	GL	1569312879	96	35.32	72.79	-56.15	5.99
21	sesimbra	75	PT	1569312880	93	68.0	38.45	-9.1	5.82
22	ixtapa	90	MX	1569312880	83	80.6	20.71	-105.21	7.9
23	port hardy	90	CA	1569312880	100	51.8	50.7	-127.42	5.82
24	jerome	1	US	1569312806	71	59.0	34.75	-112.11	11.41
25	atuona	7	PF	1569312881	78	79.24	-9.8	-139.03	20.18
26	pevek	100	RU	1569312881	82	36.4	69.7	170.27	16.53
27	jamestown	0	AU	1569312881	75	49.0	-33.21	138.6	8.1
28	hilo	75	US	1569312882	78	78.8	19.71	-155.08	12.91
29	butaritari	78	KI	1569312882	71	85.0	3.07	172.79	10.31
30	broken hill	13	AU	1569312883	35	66.2	-31.97	141.45	10.29
31	yellowknife	5	CA	1569312883	81	33.8	62.45	-114.38	6.93
32	chuy	2	UY	1569312883	89	48.28	-33.69	-53.46	5.55
33	shalya	97	RU	1569312884	71	38.74	57.25	58.73	6.8
34	tigil	100	RU	1569312884	84	44.14	57.8	158.67	4.99
35	provideniya	72	RU	1569312884	94	30.1	64.42	-173.23	3.69
36	lorengau	44	PG	1569312885	79	80.32	-2.02	147.27	8.23
37	tasiilaq	100	GL	1569312885	93	41.0	65.61	-37.64	21.92
38	cabo san lucas	12	MX	1569312886	82	79.0	22.89	-109.91	1.01
39	helena	75	US	1569312681	38	60.8	46.59	-112.04	10.29
40	benjamin constant	75	BR	1569312886	100	73.4	-4.38	-70.03	0.45
41	geraldton	5	CA	1569312785	100	39.2	49.72	-86.95	5.3
42	churapcha	12	RU	1569312887	85	37.48	62.0	132.43	6.15
43	sibu	75	MY	1569312887	53	95.0	2.29	111.83	2.24
44	aripuana	17	BR	1569312887	89	72.94	-9.17	-60.63	0.63
45	saint-louis	75	SN	1569312888	88	82.4	16.03	-16.5	2.24
46	saint-augustin	75	CA	1569312888	87	60.01	45.63	-73.98	9.17
47	tarnogskiy gorodok	100	RU	1569312888	96	35.86	60.5	43.58	6.51
48	imbituba	75	BR	1569312889	82	60.8	-28.24	-48.67	4.7
49	umm lajj	0	SA	1569312889	78	84.1	25.02	37.27	19.1
50	westport	20	US	1569312889	82	70.0	41.14	-73.36	6.93
51	thompson	20	CA	1569312890	66	51.8	55.74	-97.86	10.29
52	vostok	0	RU	1569312890	73	45.04	46.45	135.83	7.36
53	bethel	20	US	1569312891	80	41.0	60.79	-161.76	8.05
54	salalah	0	OM	1569312891	66	86.0	17.01	54.1	12.75
55	busselton	1	AU	1569312891	40	72.0	-33.64	115.35	9.28
56	new norfolk	75	AU	1569312891	46	53.6	-42.78	147.06	11.41
57	laredo	90	US	1569312892	78	80.6	27.51	-99.51	11.41
58	vila	0	IT	1569312892	93	66.99	45.18	8.4	4.7
59	ushuaia	75	AR	1569312759	81	44.6	-54.81	-68.31	4.7
60	naze	75	NG	1569312893	94	78.8	5.43	7.07	6.22
61	alyangula	4	AU	1569312893	62	84.2	-13.85	136.42	6.93
62	bluff	100	AU	1569312893	26	74.92	-23.58	149.07	11.61
63	ust-nera	19	RU	1569312894	73	25.78	64.57	143.24	6.62
64	torbay	90	CA	1569312809	100	59.0	47.66	-52.73	18.34
65	ancud	90	CL	1569312894	100	48.2	-41.87	-73.83	4.7
66	sept-iles	5	CA	1569312895	70	44.6	50.2	-66.38	2.24
67	ahuimanu	75	US	1569312703	69	82.4	21.44	-157.84	9.17
68	iraucuba	43	BR	1569312895	82	73.66	-3.75	-39.78	5.1
69	bredasdorp	87	ZA	1569312895	87	62.01	-34.53	20.04	3.36
70	airai	94	TL	1569312896	68	78.88	-8.93	125.41	3.42
71	vardo	1	US	1569312896	63	69.01	39.62	-77.74	7.07
72	mount pleasant	1	US	1569312897	88	75.2	33.16	-94.97	4.47
73	saskylakh	100	RU	1569312897	87	34.42	71.97	114.09	18.05
74	mayo	5	CA	1569312897	100	30.2	63.59	-135.9	3.36
75	victoria	75	BN	1569312898	55	91.4	5.28	115.24	8.05
76	lagoa	0	PT	1569312898	82	66.99	37.14	-8.45	2.24
77	seoul	1	KR	1569312867	57	78.8	37.57	126.98	3.36
78	henties bay	0	NA	1569312899	81	64.0	-22.12	14.28	3.0
79	grindavik	90	IS	1569312899	100	50.0	63.84	-22.43	10.29
80	lebu	14	ET	1569312899	65	67.36	8.96	38.73	3.96
81	yining	61	CN	1569312899	41	79.42	29.04	114.56	3.29
82	sena madureira	8	BR	1569312900	84	71.68	-9.07	-68.66	1.5
83	cape town	20	ZA	1569312900	56	72.0	-33.93	18.42	21.92
84	carballo	20	ES	1569312900	82	66.99	43.21	-8.69	4.7
85	desdunes	77	HT	1569312901	70	84.1	19.3	-72.65	4.45
86	severo-kurilsk	82	RU	1569312901	89	48.64	50.68	156.12	36.06
87	isla mujeres	75	MX	1569312901	94	78.8	21.23	-86.73	4.07
88	kodiak	1	US	1569312902	93	62.01	39.95	-94.76	6.93
89	bilibino	93	RU	1569312903	91	18.58	68.06	166.44	2.95
90	iqaluit	75	CA	1569312903	86	33.8	63.75	-68.52	2.24
91	kapaa	90	US	1569312903	78	82.4	22.08	-159.32	14.99
92	antofagasta	90	CL	1569312904	76	57.2	-23.65	-70.4	2.24
93	klaksvik	90	FO	1569312904	100	51.8	62.23	-6.59	23.04
94	arraial do cabo	100	BR	1569312904	75	64.84	-22.97	-42.02	15.26
95	fayaoue	47	NC	1569312905	67	72.58	-20.65	166.53	13.42
96	rocha	0	UY	1569312905	93	43.42	-34.48	-54.34	5.61
97	mount gambier	90	AU	1569312905	66	55.4	-37.83	140.78	13.87
98	duki	0	PK	1569312906	22	90.58	30.15	68.58	4.94
99	tuktoyaktuk	100	CA	1569312906	96	36.58	69.44	-133.03	4.65
100	okha	100	RU	1569312907	72	48.28	53.59	142.95	32.86
101	georgetown	40	GY	1569312815	94	73.4	6.8	-58.16	4.7
102	bara	16	NG	1569312907	63	86.08	10.41	10.6	3.98
103	ahipara	1	NZ	1569312908	100	50.0	-35.17	173.16	28.97
104	iranshahr	0	IR	1569312908	27	98.6	27.21	60.69	4.7
105	aklavik	90	CA	1569312908	100	35.6	68.22	-135.01	12.5
106	bandarbeyla	22	SO	1569312908	25	100.3	9.49	50.81	20.94
107	san patricio	68	PY	1569312909	70	58.54	-26.98	-56.83	5.23
108	necochea	0	AR	1569312627	86	50.0	-38.55	-58.74	6.2
109	luanda	75	AO	1569312909	88	73.4	-8.83	13.24	8.05
110	faanui	18	PF	1569312910	79	79.6	-16.48	-151.75	11.95
111	beian	20	NO	1569312910	87	53.01	63.66	9.57	16.11
112	nikolskoye	20	RU	1569312910	56	45.0	59.7	30.79	11.18
113	port blair	90	IN	1569312911	80	81.4	11.67	92.75	11.36
114	pangai	58	TO	1569312911	67	72.22	-19.8	-174.35	18.37
115	yulara	25	AU	1569312912	59	60.8	-25.24	130.99	17.22
116	oranjemund	0	ZA	1569312912	63	60.34	-28.55	16.43	19.66
117	kawalu	87	ID	1569312912	67	78.52	-7.38	108.21	7.65
118	longyearbyen	75	NO	1569312913	93	35.6	78.22	15.63	6.93
119	muroto	75	JP	1569312913	61	77.0	33.37	134.14	10.29
120	banda aceh	46	ID	1569312677	75	82.66	5.56	95.32	4.85
121	guerrero negro	2	MX	1569312913	76	70.96	27.97	-114.04	8.16
122	puerto ayora	88	EC	1569312914	96	66.0	-0.74	-90.35	5.01
123	codrington	40	AU	1569312914	55	68.0	-28.95	153.24	11.41
124	fukue	75	JP	1569312914	73	81.0	35.03	136.69	5.82
125	tecpan	75	GT	1569312915	93	66.2	14.76	-90.99	6.93
126	khatanga	100	RU	1569312915	71	42.16	71.98	102.47	5.03
127	tocopilla	100	CL	1569312915	83	56.92	-22.09	-70.2	3.18
128	hithadhoo	99	MV	1569312916	76	81.94	-0.6	73.08	17.31
129	castro	90	CL	1569312916	100	48.2	-42.48	-73.76	4.7
130	tuatapere	93	NZ	1569312916	87	43.0	-46.13	167.69	15.01
131	ilhabela	93	BR	1569312917	80	67.0	-23.78	-45.36	16.17
132	murray	1	US	1569312917	57	59.0	40.67	-111.89	4.05
133	harrisonburg	1	US	1569312912	100	68.0	38.45	-78.87	3.53
134	clyde river	90	CA	1569312918	86	30.2	70.47	-68.59	5.82
135	jian	79	IN	1569312918	57	90.58	25.65	87.89	7.83
136	kaitangata	50	NZ	1569312918	65	44.01	-46.28	169.85	11.01
137	kenai	1	US	1569312918	100	43.0	60.55	-151.26	8.84
138	mar del plata	92	AR	1569312919	62	53.5	-46.43	-67.52	29.55
139	san cristobal	98	HN	1569312919	94	66.46	14.68	-86.92	1.88
140	correia pinto	100	BR	1569312919	99	48.99	-27.59	-50.36	3.0
141	dikson	100	RU	1569312920	89	36.22	73.51	80.55	23.26
142	goianapolis	0	BR	1569312920	53	73.4	-16.51	-49.02	6.93
143	kamogawa	75	JP	1569312920	69	82.0	35.13	140.08	9.17
144	katsuura	75	JP	1569312921	65	77.0	33.93	134.5	8.05
145	griffith	0	AU	1569312921	62	64.4	-34.29	146.06	12.75
146	bambous virieux	20	MU	1569312921	57	77.0	-20.34	57.76	13.87
147	faya	0	SA	1569312921	16	80.6	18.39	42.45	9.17
148	berdigestyakh	100	RU	1569312922	76	39.1	62.1	126.7	5.82
149	saint-philippe	90	CA	1569312922	87	62.01	45.36	-73.48	12.75
150	tolmachevo	40	RU	1569312923	61	43.0	55.36	38.22	8.95
151	port-cartier	5	CA	1569312923	70	44.6	50.03	-66.88	2.24
152	vanimo	32	PG	1569312924	69	83.74	-2.67	141.3	5.08
153	tottori	75	JP	1569312666	68	71.6	35.5	134.23	12.75
154	ilulissat	100	GL	1569312924	93	35.6	69.22	-51.1	2.24
155	fontenay-le-comte	90	FR	1569312925	100	64.4	46.47	-0.81	16.11
156	tallahassee	1	US	1569312907	88	71.01	30.44	-84.28	3.96
157	saint-paul	100	FR	1569312925	82	57.99	45.22	1.9	2.24
158	beringovskiy	0	RU	1569312926	60	27.58	63.05	179.32	2.21
159	lufilufi	100	WS	1569312926	82	80.32	-13.87	-171.6	23.71
160	san quintin	51	PH	1569312926	82	81.22	17.54	120.52	3.78
161	wanning	75	AT	1569312927	93	57.99	48.64	13.53	6.93
162	altagracia de orituco	85	VE	1569312927	94	67.18	9.86	-66.38	2.15
163	bismarck	1	US	1569312910	82	57.99	46.81	-100.78	7.92
164	ulladulla	20	AU	1569312927	51	60.8	-35.36	150.48	10.29
165	great yarmouth	90	GB	1569312928	100	62.01	52.61	1.73	13.87
166	mundi	72	IN	1569312928	78	74.38	32.37	76.01	4.23
167	avarua	25	CK	1569312929	68	69.8	-21.21	-159.78	3.36
168	markova	0	RU	1569312930	46	71.6	52.21	104.21	8.95
169	honningsvag	75	NO	1569312930	86	41.0	70.98	25.97	8.05
170	bathsheba	40	BB	1569312930	83	80.6	13.22	-59.52	9.17
171	lompoc	90	US	1569312931	100	63.0	34.64	-120.46	3.36
172	suileng	0	CN	1569312931	58	52.24	47.25	127.08	6.55
173	santa vitoria do palmar	0	BR	1569312932	90	49.0	-33.52	-53.37	3.36
174	sur	83	OM	1569312932	72	84.1	22.57	59.53	18.1
175	saint anthony	1	US	1569312933	62	54.0	43.97	-111.68	12.75
176	redwater	75	CA	1569312933	87	46.99	53.95	-113.11	6.93
177	petropavlovsk-kamchatskiy	75	RU	1569312933	76	51.8	53.05	158.65	11.18
178	kyshtym	90	RU	1569312933	63	44.01	55.71	60.55	8.01
179	auckland	87	NZ	1569312836	81	54.0	-36.85	174.77	27.51
180	lavrentiya	0	RU	1569312934	74	28.12	65.58	-170.99	6.04
181	poum	75	MK	1569312934	87	59.0	41.28	20.71	2.24
182	zaysan	2	KZ	1569312935	38	69.16	47.47	84.87	5.61
183	jaleswar	100	IN	1569312935	87	81.4	21.8	87.22	10.94
184	kutum	0	SD	1569312935	32	87.34	14.2	24.66	9.73
185	abnub	0	EG	1569312936	69	75.2	27.27	31.15	13.87
186	norman wells	20	CA	1569312936	83	32.0	65.28	-126.83	5.82
187	zapolyarnyy	75	RU	1569312936	70	39.2	69.43	30.82	17.22
188	hatillo	62	PR	1569312937	93	80.01	18.49	-66.83	5.01
189	killybegs	0	IE	1569312937	100	59.0	54.63	-8.45	6.93
190	hofn	100	IS	1569312937	100	41.8	64.25	-15.21	7.96
191	sao filipe	100	CV	1569312938	82	80.86	14.9	-24.5	22.3
192	ozernovskiy	94	RU	1569312938	85	47.56	51.5	156.52	11.48
193	bone	90	DE	1569312938	93	64.0	51.97	12.14	8.05
194	newport	90	US	1569312934	93	66.99	41.49	-71.31	5.82
195	belyy yar	0	RU	1569312939	52	66.2	53.6	91.39	2.24
196	mount isa	98	AU	1569312939	19	86.0	-20.73	139.49	10.29
197	campoverde	75	EC	1569312939	100	44.6	-0.91	-78.62	4.7
198	carnarvon	0	ZA	1569312940	22	65.2	-30.97	22.13	21.5
199	aitape	100	PG	1569312940	77	80.14	-3.15	142.36	2.48
200	kattivakkam	75	IN	1569312940	62	89.6	13.22	80.32	2.24
201	edgewater	1	US	1569312643	93	73.4	28.99	-80.9	2.71
202	lima	90	PE	1569312766	93	60.8	-12.06	-77.04	6.93
203	vila velha	40	BR	1569312941	74	78.8	-3.71	-38.6	14.99
204	husavik	86	CA	1569312941	73	60.01	50.56	-96.99	5.35
205	mathathane	100	BW	1569312942	58	67.9	-22.27	28.75	14.63
206	namibe	6	AO	1569312942	90	67.72	-15.19	12.15	1.54
207	praia da vitoria	20	PT	1569312942	88	64.4	38.73	-27.07	8.43
208	sorland	0	NO	1569312943	71	50.0	67.67	12.69	8.05
209	shache	0	CN	1569312943	10	86.44	38.42	77.24	2.86
210	ponta do sol	43	BR	1569312943	79	56.74	-20.63	-46.0	6.17
211	yakeshi	0	CN	1569312944	48	57.82	49.28	120.73	2.82
212	laives	100	FR	1569312944	93	54.0	46.65	4.85	2.24
213	fortuna	0	ES	1569312944	73	79.0	38.18	-1.13	2.24
214	thinadhoo	100	MV	1569312944	80	80.14	0.53	72.93	19.26
215	portel	100	BR	1569312945	99	72.22	-1.94	-50.82	3.04
216	zholymbet	0	KZ	1569312945	40	52.06	51.74	71.71	21.0
217	jaisalmer	75	IN	1569312945	26	99.58	26.91	70.91	4.81
218	ballitoville	40	ZA	1569312946	52	68.0	-29.54	31.21	9.17
219	dawei	28	MM	1569312946	74	83.2	14.07	98.19	7.56
220	falam	100	MM	1569312947	87	68.98	22.91	93.68	2.21
221	bowling green	1	US	1569312947	93	60.8	36.99	-86.44	5.26
222	ponta delgada	20	PT	1569312947	77	71.01	37.73	-25.67	9.17
223	marovoay	0	MG	1569312948	35	89.6	-16.11	46.64	9.17
224	kaseda	20	JP	1569312948	51	80.6	31.42	130.32	9.17
225	hanmer springs	66	NZ	1569312948	85	34.6	-42.52	172.83	5.79
226	nara	75	JP	1569312948	73	77.0	34.68	135.8	3.36
227	bredy	89	RU	1569312949	58	44.14	52.43	60.33	17.2
228	magadan	100	RU	1569312949	89	42.16	59.56	150.8	30.2
229	ca mau	18	VN	1569312950	69	86.26	9.18	105.15	13.27
230	carutapera	82	BR	1569312950	80	77.8	-1.2	-46.02	6.42
231	arroyo	55	BO	1569312950	66	72.94	-11.08	-66.08	1.23
232	porto seguro	75	BR	1569312951	64	73.4	-16.44	-39.06	11.41
233	roma	0	IT	1569312914	82	73.99	41.89	12.48	4.7
234	shemysheyka	47	RU	1569312951	61	45.4	52.89	45.39	11.52
235	portland	75	US	1569312729	82	68.0	43.66	-70.25	3.36
236	kavaratti	81	IN	1569312952	75	83.02	10.57	72.64	10.69
237	khovu-aksy	0	RU	1569312952	39	71.68	51.13	93.72	5.48
238	pisco	20	PE	1569312952	87	59.0	-13.71	-76.2	3.36
239	washington	1	US	1569312777	93	72.0	38.9	-77.04	6.2
240	nador	0	MA	1569312953	69	75.2	35.17	-2.93	1.12
241	chabahar	20	IR	1569312953	63	93.2	25.29	60.65	11.41
242	saint george	90	GR	1569312953	93	64.4	39.45	22.34	5.82
243	jasper	75	US	1569312837	100	77.0	33.83	-87.28	3.36
244	priiskovyy	0	RU	1569312954	58	59.26	51.93	116.63	2.48
245	praia	0	BR	1569312954	67	59.0	-20.25	-43.81	11.41
246	juarez	0	AR	1569312955	70	48.2	-38.95	-67.92	1.14
247	isparta	0	TR	1569312955	37	66.2	37.77	30.56	3.36
248	snasa	0	NO	1569312955	75	44.6	64.25	12.38	11.41
249	ucluelet	69	CA	1569312713	96	59.0	48.94	-125.55	11.92
250	tiksi	98	RU	1569312765	88	34.42	71.64	128.87	4.61
251	cidreira	68	BR	1569312956	75	55.84	-30.17	-50.22	8.55
252	shanhetun	0	CN	1569312956	63	58.18	44.7	127.2	3.44
253	constitucion	52	MX	1569312957	81	62.01	23.99	-104.67	5.01
254	yerbogachen	100	RU	1569312957	80	47.2	61.28	108.01	11.65
255	tupik	40	RU	1569312957	65	44.86	54.43	119.94	1.66
256	nanortalik	100	GL	1569312958	72	42.88	60.14	-45.24	5.35
257	amarante do maranhao	26	BR	1569312958	96	69.88	-5.57	-46.74	2.46
258	zhashkiv	9	UA	1569312958	34	56.74	49.25	30.1	8.43
259	beloha	0	MG	1569312959	37	85.36	-25.17	45.06	10.04
260	caravelas	86	BR	1569312959	77	71.14	-17.73	-39.27	16.82
261	aguimes	75	ES	1569312959	73	73.4	27.91	-15.45	16.11
262	paamiut	90	GL	1569312959	75	41.62	61.99	-49.67	16.93
263	east london	0	ZA	1569312960	45	66.2	-33.02	27.91	20.8
264	esperance	100	AU	1569312960	29	75.2	-33.86	121.89	12.75
265	calvinia	0	ZA	1569312961	23	66.2	-31.47	19.78	17.22
266	saint-joseph	0	FR	1569312961	64	75.0	43.56	6.97	4.7
267	ingham	88	AU	1569312961	92	65.74	-18.65	146.16	3.02
268	simao	100	CN	1569312962	66	73.84	22.76	100.79	1.92
269	kansanshi	0	ZM	1569312962	15	88.78	-12.1	26.43	9.75
270	soyo	75	AO	1569312962	88	75.2	-6.13	12.37	9.89
271	narsaq	95	GL	1569312963	32	51.8	60.91	-46.05	20.8
272	iquique	90	CL	1569312906	77	59.0	-20.22	-70.14	4.7
273	dum duma	90	IN	1569312963	94	73.4	27.57	95.57	10.29
274	hami	0	CN	1569312964	8	87.16	42.84	93.51	6.2
275	kenora	5	CA	1569312964	72	62.6	49.76	-94.48	9.17
276	yumen	0	CN	1569312964	11	78.7	40.29	97.04	10.8
277	boralday	75	KZ	1569312964	30	71.6	43.36	76.86	8.95
278	dingle	37	PH	1569312965	84	81.76	11.0	122.67	6.49
279	gayeri	50	BF	1569312965	58	87.52	12.65	0.49	8.66
280	srandakan	100	ID	1569312966	85	76.72	-7.94	110.25	17.56
281	makakilo city	75	US	1569312966	69	82.4	21.35	-158.09	9.17
282	carman	1	CA	1569312966	68	64.4	49.51	-98.0	6.93
283	barra de sao francisco	98	BR	1569312967	83	60.88	-18.75	-40.89	4.47
284	nemuro	75	JP	1569312849	64	68.0	43.32	145.57	2.24
285	tutoia	83	BR	1569312967	82	75.46	-2.76	-42.27	4.5
286	talnakh	75	RU	1569312968	80	39.2	69.49	88.39	33.55
287	cherskiy	20	RU	1569312968	86	27.76	68.75	161.3	3.65
288	yankton	1	US	1569312968	60	69.8	42.87	-97.4	14.99
289	hukuntsi	0	BW	1569312969	13	73.12	-23.98	21.76	9.6
290	leningradskiy	100	RU	1569312969	95	34.06	69.38	178.42	8.59
291	belmonte	48	PT	1569312789	94	81.0	40.36	-7.35	5.99
292	barra do garcas	66	BR	1569312721	45	76.54	-15.89	-52.26	3.11
293	kahului	40	US	1569312687	69	80.6	20.89	-156.47	10.29
294	plattsburgh	90	US	1569312953	93	63.0	44.69	-73.46	3.36
295	bandar-e lengeh	0	IR	1569312970	75	95.0	26.56	54.88	13.87
296	itoman	75	JP	1569312971	69	84.2	26.12	127.67	12.75
297	jalu	0	LY	1569312971	25	85.9	29.03	21.55	3.04
298	karatuzskoye	0	RU	1569312972	63	65.56	53.61	92.87	3.15
299	jatai	64	IN	1569312972	45	92.2	28.97	76.18	6.71
300	udachnyy	90	RU	1569312972	60	39.2	66.42	112.4	6.71
301	takaka	100	NZ	1569312973	81	52.0	-40.86	172.81	5.01
302	rajula	77	IN	1569312973	66	87.52	21.04	71.44	8.66
303	high level	90	CA	1569312973	87	44.6	58.52	-117.13	3.36
304	nueve de julio	6	AR	1569312974	31	61.6	-31.67	-68.39	11.25
305	mahebourg	20	MU	1569312974	57	77.0	-20.41	57.7	13.87
306	waingapu	58	ID	1569312974	64	79.96	-9.65	120.26	13.6
307	karatau	24	KZ	1569312975	25	73.3	43.18	70.46	5.01
308	buraydah	0	SA	1569312975	20	93.2	26.33	43.97	5.82
309	viedma	0	AR	1569312975	31	54.94	-40.81	-62.99	10.13
310	oyon	8	PE	1569312976	72	40.18	-10.67	-76.77	9.78
311	jiwani	99	PK	1569312976	86	83.74	25.05	61.74	12.84
312	tancheng	79	CN	1569312976	37	83.92	33.44	116.55	2.66
313	orange cove	1	US	1569312977	53	71.6	36.62	-119.31	6.93
314	puerto madryn	0	AR	1569312977	49	58.54	-42.77	-65.04	16.15
315	boca do acre	100	BR	1569312978	91	71.5	-8.76	-67.39	2.64
316	snina	90	SK	1569312978	71	60.01	48.99	22.16	2.89
317	dunedin	100	NZ	1569312910	74	46.99	-45.87	170.5	15.99
318	omboue	100	GA	1569312979	87	77.44	-1.57	9.26	12.71
319	port keats	33	AU	1569312979	52	83.38	-14.25	129.55	10.78
320	deputatskiy	99	RU	1569312979	98	29.92	69.3	139.9	2.35
321	muli	0	CN	1569312980	39	79.06	28.08	109.56	4.23
322	vestmannaeyjar	90	IS	1569312980	100	50.0	63.44	-20.27	29.97
323	laguna	20	BZ	1569312980	94	77.0	16.17	-88.94	2.42
324	mayumba	68	GA	1569312981	86	76.72	-3.44	10.65	6.53
325	lang son	0	VN	1569312981	52	81.76	21.83	106.73	4.68
326	bolpur	99	IN	1569312981	79	85.0	23.66	87.7	6.38
327	suntar	100	RU	1569312982	69	43.06	62.16	117.65	5.7
328	ostrovnoy	100	RU	1569312982	89	35.68	68.05	39.51	21.54
329	la ronge	40	CA	1569312982	66	50.0	55.1	-105.3	9.17
330	road town	90	VG	1569312983	94	80.6	18.42	-64.62	13.87
331	divnoye	100	RU	1569312983	51	56.56	45.91	43.34	11.18
332	coahuayana	69	MX	1569312984	97	69.7	18.62	-100.35	1.34
333	sao joao da barra	78	BR	1569312984	77	61.78	-21.64	-41.05	2.71
334	komsomolskoye	97	UA	1569312984	41	72.04	45.02	34.02	5.93
335	usinsk	100	RU	1569312985	94	37.3	66.0	57.56	18.84
336	ambovombe	3	MG	1569312985	87	71.68	-25.18	46.09	18.77
337	chokurdakh	0	RU	1569312985	77	27.4	70.62	147.9	4.63
338	awjilah	0	LY	1569312988	25	85.72	29.14	21.3	1.74
339	khategaon	34	IN	1569312988	64	88.06	22.6	76.91	4.9
340	cedar city	1	US	1569312988	37	50.0	37.68	-113.06	6.93
341	ormara	0	PK	1569312989	41	97.42	25.21	64.64	11.56
342	polunochnoye	93	RU	1569312989	53	39.82	60.87	60.43	12.06
343	baykit	96	RU	1569312990	66	45.04	61.68	96.39	12.53
344	ribeira grande	20	PT	1569312990	68	66.2	38.52	-28.7	8.05
345	helong	95	CN	1569312990	37	79.6	25.94	116.13	4.63
346	vila franca do campo	20	PT	1569312990	77	71.01	37.72	-25.43	10.29
347	shiyan	100	CN	1569312991	62	70.0	32.65	110.78	1.01
348	olinda	75	AU	1569312991	58	57.0	-37.84	145.39	10.29
349	poronaysk	59	RU	1569312991	83	42.7	49.22	143.1	5.66
350	talaya	0	RU	1569312992	42	62.6	55.79	84.89	24.61
351	ambulu	0	ID	1569312992	89	75.64	-8.35	113.61	22.86
352	yatou	75	CM	1569312993	88	80.6	3.63	9.81	3.36
353	najran	0	SA	1569312993	17	91.4	17.54	44.22	8.05
354	torrington	1	US	1569312993	70	64.0	42.06	-104.18	14.0
355	douglas	90	US	1569312994	87	50.0	58.28	-134.39	9.17
356	huarmey	77	PE	1569312994	95	60.7	-10.07	-78.15	11.68
357	san policarpo	29	PH	1569312994	73	82.84	12.18	125.51	9.75
358	ola	100	RU	1569312995	86	43.42	59.58	151.3	32.84
359	dzerzhinskoye	0	RU	1569312995	43	61.6	56.84	95.22	7.85
360	bonaventure	75	CA	1569312995	93	50.0	48.04	-65.49	2.24
361	axim	72	GH	1569312996	85	78.52	4.87	-2.24	8.05
362	manokwari	80	ID	1569312996	90	75.28	-0.87	134.08	3.31
363	grand gaube	20	MU	1569312997	57	77.0	-20.01	57.66	13.87
364	yenagoa	100	NG	1569312997	80	80.86	4.92	6.26	7.14
365	beyneu	71	KZ	1569312997	47	65.56	45.32	55.19	5.5
366	progreso	0	UY	1569312997	87	54.0	-34.68	-56.22	8.05
367	singaparna	87	ID	1569312998	67	78.52	-7.35	108.11	7.65
368	rio gallegos	75	AR	1569312998	61	50.0	-51.62	-69.22	9.17
369	cefalu	99	IT	1569312998	61	78.01	38.04	14.02	8.99
370	asheboro	1	US	1569312999	77	72.0	35.71	-79.81	6.53
371	te anau	76	NZ	1569312999	72	39.46	-45.41	167.72	8.79
372	hasaki	75	JP	1569313001	78	77.0	35.73	140.83	5.82
373	nur	0	PL	1569313001	53	53.68	52.67	22.32	8.1
374	cockburn town	100	TC	1569313001	73	82.66	21.46	-71.14	5.99
375	karratha	55	AU	1569313002	29	81.58	-20.74	116.85	16.17
376	chara	90	GR	1569313002	93	64.4	39.42	22.43	5.82
377	ushumun	0	RU	1569313002	48	45.58	52.78	126.54	6.15
378	riverton	1	US	1569312731	47	61.0	43.02	-108.38	12.75
379	aykhal	90	RU	1569313003	60	39.2	65.95	111.51	6.71
380	acapulco	90	MX	1569313003	94	77.0	16.86	-99.88	2.15
381	rafai	100	CF	1569313003	58	85.36	4.95	23.92	2.35
382	buluang	20	PH	1569313004	52	91.4	10.47	123.98	9.17
383	port-gentil	75	GA	1569313004	83	80.6	-0.72	8.78	11.41
384	coihaique	75	CL	1569313005	81	50.0	-45.58	-72.07	8.05
385	mineros	0	BO	1569313005	60	71.6	-17.12	-63.23	3.36
386	constantine	12	DZ	1569313005	77	68.0	36.36	6.61	3.36
387	sterling	40	US	1569313006	73	71.6	39.0	-77.4	5.82
388	novoasbest	71	RU	1569313006	58	41.98	57.74	60.29	9.62
389	sibolga	100	ID	1569312957	84	81.58	1.74	98.78	18.28
390	lisala	42	CD	1569312736	44	93.28	2.15	21.52	2.93
391	tagusao	44	PH	1569313007	72	83.74	9.19	117.81	7.0
392	lata	96	IN	1569313007	94	47.38	30.78	78.62	6.85
393	homer	1	US	1569313007	93	44.6	59.64	-151.54	7.83
394	hamilton	75	CA	1569313008	87	62.01	43.26	-79.87	9.17
395	sabancuy	100	MX	1569313008	81	81.94	18.97	-91.18	10.2
396	lucapa	15	AO	1569313008	38	92.92	-8.42	20.74	2.98
397	emerald	100	AU	1569313009	28	86.0	-23.53	148.16	14.99
398	cangzhou	0	CN	1569313010	36	79.78	38.3	116.85	12.5
399	kayes	31	ML	1569313011	67	84.64	14.44	-11.44	8.97
400	astorga	0	BR	1569313012	76	59.0	-23.24	-51.66	4.7
401	visnes	0	NO	1569313012	67	57.2	59.36	5.22	12.75
402	tivaouane	40	SN	1569313013	88	73.4	14.95	-16.81	10.29
403	krasnoarmeysk	75	RU	1569313013	80	43.0	56.12	38.15	6.71
404	lyubymivka	80	UA	1569313013	34	63.76	46.81	33.57	9.89
405	broome	90	GB	1569313014	100	62.01	52.47	1.45	11.41
406	feijo	90	EC	1569313014	95	66.1	-3.63	-79.92	1.3
407	shambu	42	ET	1569313014	88	66.64	9.57	37.1	3.65
408	kavieng	99	PG	1569313015	71	83.2	-2.57	150.8	1.7
409	sinnamary	83	GF	1569313015	80	80.68	5.38	-52.96	9.06
410	tynda	0	RU	1569313015	63	37.48	55.15	124.74	5.21
411	malatya	0	TR	1569312755	14	70.0	38.35	38.32	4.7
412	fort nelson	40	CA	1569313016	70	42.8	58.81	-122.69	3.85
413	marshall	1	US	1569313016	82	63.0	39.12	-93.2	4.7
414	capim grosso	79	BR	1569313016	98	62.86	-11.38	-40.01	3.96
415	jega	100	NG	1569313017	58	87.34	12.22	4.38	10.92
416	itarema	67	BR	1569313017	84	75.82	-2.92	-39.92	6.87
417	taunggyi	86	MM	1569313018	59	78.52	20.78	97.03	5.97
418	mayma	0	RU	1569313018	28	67.9	52.0	85.9	4.36
419	bainbridge	1	US	1569313018	93	71.01	30.9	-84.58	6.13
420	rush	1	US	1569313018	93	57.99	40.31	-81.37	5.55
421	kinwat	50	IN	1569313019	70	85.9	19.62	78.2	6.13
422	banjar	93	ID	1569313019	62	82.66	-7.37	108.54	7.49
423	cardoso	1	BR	1569313019	68	71.5	-20.08	-49.91	7.49
424	sandakan	75	MY	1569313020	70	87.8	5.84	118.12	12.75
425	souillac	90	FR	1569313020	88	64.0	45.6	-0.6	12.75
426	takoradi	87	GH	1569313020	79	80.86	4.89	-1.75	5.88
427	kotaparh	94	IN	1569313021	70	83.92	19.15	82.35	2.55
428	bakel	43	SN	1569313021	66	85.72	14.9	-12.46	10.33
429	zeya	0	RU	1569313021	59	39.82	53.74	127.27	6.38
430	koumac	81	NC	1569313022	74	72.04	-20.56	164.28	20.83
431	oia	75	ES	1569313022	100	68.0	42.0	-8.88	4.7
432	maketu	95	NZ	1569313022	73	53.01	-37.76	176.45	4.0
433	lishu	0	CN	1569313023	51	64.48	43.31	124.32	3.15
434	chala	0	TZ	1569313024	23	88.42	-7.6	31.27	4.45
435	rio grande	1	BR	1569313024	96	46.0	-32.03	-52.1	2.06
436	vysokogornyy	10	RU	1569313024	90	36.4	50.1	139.13	7.4
437	potenza	90	IT	1569313025	87	57.2	40.64	15.8	3.36
438	kuytun	1	RU	1569313025	60	61.24	54.34	101.51	1.95
439	araouane	0	ML	1569313025	8	96.34	18.9	-3.53	7.61
440	alice springs	90	AU	1569312738	100	51.8	-23.7	133.88	17.22
441	necaxa	22	MX	1569313026	84	67.54	20.22	-98.0	5.59
442	los llanos de aridane	75	ES	1569313026	73	71.6	28.66	-17.92	12.75
443	naifaru	100	MV	1569313026	88	79.42	5.44	73.37	21.94
444	cabimas	72	VE	1569313027	81	79.42	10.39	-71.44	4.45
445	melito di porto salvo	75	IT	1569313027	61	78.8	37.92	15.77	12.75
446	dondo	40	MZ	1569313027	69	82.4	-19.62	34.74	11.41
447	evensk	100	RU	1569313028	59	37.3	61.92	159.24	16.11
448	crotone	0	IT	1569313028	42	80.6	39.09	17.12	3.36
449	ondjiva	20	AO	1569313028	25	77.0	-17.07	15.73	2.24
450	canton	1	US	1569312843	82	57.99	40.8	-81.38	6.96
451	kitoy	0	RU	1569313029	46	71.6	52.6	103.9	8.95
452	warrington	100	GB	1569313029	93	62.01	53.39	-2.59	2.24
453	benemerito de las americas	95	MX	1569313030	96	70.06	16.52	-90.64	1.43
454	dingzhou	0	CN	1569313030	22	89.6	38.51	115.0	4.47
455	port shepstone	0	ZA	1569313030	40	66.82	-30.74	30.45	8.7
456	catemaco	49	MX	1569313031	88	77.0	18.42	-95.11	1.01
457	dungarvan	75	IE	1569313031	93	61.0	52.09	-7.62	13.87
458	dicabisagan	38	PH	1569313031	87	81.04	17.08	122.42	4.9
459	ozark	1	US	1569313031	72	66.2	37.02	-93.21	11.41
460	cabedelo	20	BR	1569313032	100	71.6	-6.97	-34.84	4.7
461	texarkana	1	US	1569313032	94	75.0	33.44	-94.04	3.36
462	teya	5	MX	1569313032	88	80.01	21.05	-89.07	3.4
463	lumberton	1	US	1569313033	94	75.2	30.27	-94.2	1.83
464	khandyga	0	RU	1569313033	69	37.84	62.65	135.58	9.46
465	arman	100	RU	1569313033	95	30.46	59.7	150.17	21.05
466	worland	1	US	1569313034	87	57.99	44.02	-107.96	5.82
467	ginir	46	ET	1569313034	54	73.66	7.14	40.71	5.84
468	luwuk	88	ID	1569313034	85	66.82	-0.95	122.79	4.18
469	capitao poco	12	BR	1569313034	98	70.42	-1.75	-47.06	4.07
470	tommot	80	RU	1569313035	84	37.12	58.97	126.27	4.25
471	qingquan	100	CN	1569313035	34	66.82	34.7	106.0	7.87
472	ajdabiya	0	LY	1569313035	65	75.28	30.75	20.22	9.82
473	tiarei	20	PF	1569313036	74	78.8	-17.53	-149.33	2.24
474	masuda	20	JP	1569313036	60	75.2	34.68	131.85	5.82
475	ondangwa	0	NA	1569313036	7	86.0	-17.91	15.98	13.87
476	plettenberg bay	100	ZA	1569313036	81	58.0	-34.05	23.37	3.18
477	mahibadhoo	100	MV	1569313037	89	78.34	3.78	72.97	19.06
478	walvis bay	0	NA	1569313037	52	68.0	-22.95	14.51	3.36
479	kudahuvadhoo	100	MV	1569313038	86	78.52	2.67	72.89	20.45
480	kruisfontein	92	ZA	1569313038	83	58.9	-34.0	24.73	12.91
481	svetlogorsk	75	RU	1569313038	56	41.0	53.14	59.15	17.9
482	bamnet narong	99	TH	1569313039	68	81.22	15.5	101.69	13.85
483	mao	75	DO	1569313039	94	80.01	19.55	-71.08	2.82
484	iberia	0	PE	1569313039	61	72.58	-11.41	-69.49	2.1
485	the valley	40	AI	1569313039	78	82.4	18.22	-63.06	10.29
486	bilma	0	NE	1569313040	15	91.84	18.69	12.92	11.18
487	jumla	34	NP	1569313040	61	64.84	29.28	82.18	6.85
488	wawa	100	NG	1569313040	78	80.5	9.9	4.41	6.4
489	komsomolskiy	100	RU	1569313041	93	37.12	67.55	63.78	18.63
490	shakawe	0	BW	1569313041	12	89.32	-18.36	21.84	11.3
491	nyurba	100	RU	1569313041	70	40.72	63.29	118.35	4.36
492	samarai	100	PG	1569313042	93	72.94	-10.62	150.67	4.61
493	half moon bay	1	US	1569313042	68	66.99	37.46	-122.43	0.78
494	hay river	40	CA	1569313042	100	35.6	60.82	-115.79	2.24
495	havre-saint-pierre	20	CA	1569313043	80	39.2	50.23	-63.6	4.7
496	taltal	41	CL	1569313043	83	50.62	-25.41	-70.49	3.18
497	chaah	100	MY	1569313044	59	86.44	2.25	103.04	8.77
498	naldurg	100	IN	1569313044	59	85.36	17.82	76.28	4.63
499	chernyshevskiy	100	RU	1569313044	76	40.36	63.01	112.47	3.76
500	tual	5	ID	1569313045	87	79.06	-5.67	132.75	16.08
501	iracoubo	96	GF	1569313045	96	73.84	5.48	-53.21	3.49
502	port lincoln	33	AU	1569313045	64	55.3	-34.72	135.86	6.08
503	ewo	71	CG	1569313045	70	82.12	-0.88	14.81	9.8
504	cap malheureux	20	MU	1569313046	57	77.0	-19.98	57.61	13.87
505	sri aman	75	MY	1569313046	70	87.8	1.24	111.46	4.7
506	padang	40	ID	1569313046	74	84.2	-0.92	100.36	9.17
507	nagorsk	58	RU	1569313047	62	39.82	59.32	50.8	8.84
508	mayya	0	RU	1569313047	75	44.6	61.74	130.28	11.18
509	mabaruma	24	GY	1569313048	98	71.32	8.2	-59.78	1.34
510	micheweni	35	TZ	1569313048	75	79.06	-4.97	39.83	15.7
511	ugoofaaru	100	MV	1569313048	88	79.6	5.67	73.0	27.27
512	khani	0	GE	1569313049	53	71.6	41.96	42.96	2.24
513	fairbanks	1	US	1569313049	69	39.0	64.84	-147.72	2.46
514	yarada	75	IN	1569313049	74	86.0	17.65	83.27	9.17
515	mezen	100	RU	1569313052	85	40.54	65.85	44.24	15.37
516	pangnirtung	99	CA	1569313053	80	27.58	66.15	-65.72	2.91
517	dongsheng	90	CN	1569313053	36	86.08	29.72	112.52	5.93
518	dauphin	90	CA	1569313053	81	53.6	51.15	-100.04	8.05
519	arlit	0	NE	1569313053	11	96.34	18.74	7.39	19.91
520	lismore	40	AU	1569313054	55	68.0	-28.81	153.28	11.41
521	maralal	16	KE	1569313026	46	77.62	1.1	36.7	5.06
522	santa maria	0	BR	1569313054	68	68.0	-16.02	-48.01	12.75
523	rossland	7	CA	1569313055	96	41.62	49.08	-117.8	0.58
524	kununurra	19	AU	1569313055	15	95.0	-15.77	128.74	8.05
525	mongu	1	ZM	1569313055	11	94.36	-15.27	23.14	9.93
526	bucak	0	TR	1569313055	32	84.0	37.46	30.59	3.36
527	gaurnadi	100	BD	1569313056	79	83.92	22.97	90.23	9.31
528	juneau	90	US	1569312845	87	50.0	58.3	-134.42	9.17
529	nishihara	75	JP	1569313056	78	84.0	35.74	139.53	6.93
530	nicoya	83	CR	1569313057	1	72.0	10.15	-85.45	1.99
531	yancheng	30	CN	1569313057	50	78.7	33.39	120.14	3.2
532	inta	100	RU	1569313057	96	36.94	66.04	60.13	19.42
533	rawson	0	AR	1569313057	51	57.64	-43.3	-65.11	23.42
534	marrakesh	0	MA	1569313058	60	69.8	31.63	-7.99	3.36
535	nome	1	US	1569313058	94	79.0	30.04	-94.42	4.52
536	concepcion del oro	0	MX	1569313058	56	61.96	24.63	-101.42	5.35
537	presidencia roque saenz pena	0	AR	1569313059	83	57.28	-26.79	-60.44	4.7
538	yeppoon	100	AU	1569313059	47	77.0	-23.13	150.74	10.29
539	chibombo	16	ZM	1569313061	16	90.76	-14.68	28.09	12.19
540	kimbe	87	PG	1569313062	89	75.82	-5.56	150.15	4.07
541	atrauli	9	IN	1569313062	59	87.7	28.04	78.28	10.89
542	haines junction	100	CA	1569313062	80	33.16	60.75	-137.51	3.27
543	gigmoto	2	PH	1569313063	72	83.2	13.78	124.39	8.66
544	berlevag	40	NO	1569313063	86	41.0	70.86	29.09	14.99
545	taitung	75	TW	1569313063	74	78.8	22.76	121.15	11.41
546	kloulklubed	75	PW	1569313064	70	86.0	7.04	134.26	11.41
547	buala	100	SB	1569313064	90	77.08	-8.15	159.59	12.28
548	qom	0	IR	1569313018	8	93.28	34.64	50.88	15.28
549	nouadhibou	0	MR	1569313064	78	71.6	20.93	-17.03	19.46
550	basco	1	US	1569313065	87	63.0	40.33	-91.2	3.36
551	vadu moldovei	0	RO	1569313065	62	66.0	47.38	26.37	2.24
